timestamp,game_id,home_team,away_team,quarter,time_remaining_quarter_seconds,time_remaining_minutes,score_home,score_away,score_diff
2024-10-23T02:06:26.0Z,0022400062,LAL,MIN,1,720.0,12.0,0.0,0.0,0.0
2024-10-23T02:06:29.9Z,0022400062,LAL,MIN,1,715.0,11.916666666666666,0.0,0.0,0.0
2024-10-23T02:06:53.1Z,0022400062,LAL,MIN,1,692.0,11.533333333333333,0.0,0.0,0.0
2024-10-23T02:06:56.0Z,0022400062,LAL,MIN,1,689.0,11.483333333333333,0.0,0.0,0.0
2024-10-23T02:07:06.9Z,0022400062,LAL,MIN,1,678.0,11.3,3.0,0.0,3.0
2024-10-23T02:07:35.0Z,0022400062,LAL,MIN,1,651.0,10.85,3.0,0.0,3.0
2024-10-23T02:08:02.8Z,0022400062,LAL,MIN,1,642.0,10.7,3.0,2.0,1.0
2024-10-23T02:08:21.7Z,0022400062,LAL,MIN,1,623.0,10.383333333333333,5.0,2.0,3.0
2024-10-23T02:08:47.4Z,0022400062,LAL,MIN,1,597.0,9.95,5.0,5.0,0.0
2024-10-23T02:09:18.7Z,0022400062,LAL,MIN,1,575.0,9.583333333333334,5.0,5.0,0.0
2024-10-23T02:09:20.7Z,0022400062,LAL,MIN,1,573.0,9.55,5.0,5.0,0.0
2024-10-23T02:09:25.2Z,0022400062,LAL,MIN,1,569.0,9.483333333333333,5.0,5.0,0.0
2024-10-23T02:09:25.2Z,0022400062,LAL,MIN,1,569.0,9.483333333333333,5.0,5.0,0.0
2024-10-23T02:09:27.2Z,0022400062,LAL,MIN,1,567.0,9.45,5.0,5.0,0.0
2024-10-23T02:09:30.4Z,0022400062,LAL,MIN,1,564.0,9.4,5.0,5.0,0.0
2024-10-23T02:09:34.4Z,0022400062,LAL,MIN,1,560.0,9.333333333333334,5.0,5.0,0.0
2024-10-23T02:09:35.5Z,0022400062,LAL,MIN,1,559.0,9.316666666666666,5.0,5.0,0.0
2024-10-23T02:09:38.5Z,0022400062,LAL,MIN,1,556.0,9.266666666666667,5.0,5.0,0.0
2024-10-23T02:09:52.3Z,0022400062,LAL,MIN,1,542.0,9.033333333333333,5.0,5.0,0.0
2024-10-23T02:09:52.3Z,0022400062,LAL,MIN,1,542.0,9.033333333333333,5.0,5.0,0.0
2024-10-23T02:09:56.3Z,0022400062,LAL,MIN,1,538.0,8.966666666666667,5.0,5.0,0.0
2024-10-23T02:09:58.8Z,0022400062,LAL,MIN,1,536.0,8.933333333333334,7.0,5.0,2.0
2024-10-23T02:10:11.4Z,0022400062,LAL,MIN,1,526.0,8.766666666666667,7.0,5.0,2.0
2024-10-23T02:10:39.9Z,0022400062,LAL,MIN,1,519.0,8.65,7.0,5.0,2.0
2024-10-23T02:10:39.9Z,0022400062,LAL,MIN,1,519.0,8.65,7.0,5.0,2.0
2024-10-23T02:10:44.6Z,0022400062,LAL,MIN,1,515.0,8.583333333333334,9.0,5.0,4.0
2024-10-23T02:11:00.6Z,0022400062,LAL,MIN,1,510.0,8.5,9.0,5.0,4.0
2024-10-23T02:11:00.6Z,0022400062,LAL,MIN,1,510.0,8.5,9.0,5.0,4.0
2024-10-23T02:11:22.7Z,0022400062,LAL,MIN,1,497.0,8.283333333333333,9.0,5.0,4.0
2024-10-23T02:11:25.7Z,0022400062,LAL,MIN,1,494.0,8.233333333333333,9.0,5.0,4.0
2024-10-23T02:11:29.9Z,0022400062,LAL,MIN,1,490.0,8.166666666666666,9.0,5.0,4.0
2024-10-23T02:11:31.9Z,0022400062,LAL,MIN,1,488.0,8.133333333333333,9.0,5.0,4.0
2024-10-23T02:11:32.6Z,0022400062,LAL,MIN,1,488.0,8.133333333333333,9.0,5.0,4.0
2024-10-23T02:11:32.6Z,0022400062,LAL,MIN,1,488.0,8.133333333333333,9.0,5.0,4.0
2024-10-23T02:11:35.3Z,0022400062,LAL,MIN,1,484.0,8.066666666666666,9.0,7.0,2.0
2024-10-23T02:12:00.5Z,0022400062,LAL,MIN,1,460.0,7.666666666666667,9.0,7.0,2.0
2024-10-23T02:12:03.5Z,0022400062,LAL,MIN,1,457.0,7.616666666666666,9.0,7.0,2.0
2024-10-23T02:12:15.2Z,0022400062,LAL,MIN,1,445.0,7.416666666666667,9.0,7.0,2.0
2024-10-23T02:12:15.2Z,0022400062,LAL,MIN,1,445.0,7.416666666666667,9.0,7.0,2.0
2024-10-23T02:12:25.9Z,0022400062,LAL,MIN,1,434.0,7.233333333333333,9.0,7.0,2.0
2024-10-23T02:12:28.9Z,0022400062,LAL,MIN,1,431.0,7.183333333333334,9.0,7.0,2.0
2024-10-23T02:12:30.0Z,0022400062,LAL,MIN,1,429.0,7.15,11.0,7.0,4.0
2024-10-23T02:12:59.2Z,0022400062,LAL,MIN,1,404.0,6.733333333333333,11.0,7.0,4.0
2024-10-23T02:13:04.9Z,0022400062,LAL,MIN,1,404.0,6.733333333333333,11.0,7.0,4.0
2024-10-23T02:16:26.4Z,0022400062,LAL,MIN,1,404.0,6.733333333333333,11.0,7.0,4.0
2024-10-23T02:16:26.4Z,0022400062,LAL,MIN,1,404.0,6.733333333333333,11.0,7.0,4.0
2024-10-23T02:16:42.0Z,0022400062,LAL,MIN,1,385.0,6.416666666666667,13.0,7.0,6.0
2024-10-23T02:17:03.9Z,0022400062,LAL,MIN,1,366.0,6.1,13.0,7.0,6.0
2024-10-23T02:17:03.9Z,0022400062,LAL,MIN,1,366.0,6.1,13.0,7.0,6.0
2024-10-23T02:17:06.5Z,0022400062,LAL,MIN,1,366.0,6.1,13.0,7.0,6.0
2024-10-23T02:17:13.5Z,0022400062,LAL,MIN,1,366.0,6.1,13.0,7.0,6.0
2024-10-23T02:17:13.5Z,0022400062,LAL,MIN,1,366.0,6.1,13.0,7.0,6.0
2024-10-23T02:17:13.5Z,0022400062,LAL,MIN,1,366.0,6.1,13.0,7.0,6.0
2024-10-23T02:17:13.5Z,0022400062,LAL,MIN,1,366.0,6.1,13.0,7.0,6.0
2024-10-23T02:17:41.7Z,0022400062,LAL,MIN,1,354.0,5.9,13.0,10.0,3.0
2024-10-23T02:17:55.4Z,0022400062,LAL,MIN,1,341.0,5.683333333333334,13.0,10.0,3.0
2024-10-23T02:17:58.4Z,0022400062,LAL,MIN,1,338.0,5.633333333333334,13.0,10.0,3.0
2024-10-23T02:18:00.4Z,0022400062,LAL,MIN,1,336.0,5.6,16.0,10.0,6.0
2024-10-23T02:18:16.4Z,0022400062,LAL,MIN,1,320.0,5.333333333333333,16.0,10.0,6.0
2024-10-23T02:18:19.4Z,0022400062,LAL,MIN,1,317.0,5.283333333333333,16.0,10.0,6.0
2024-10-23T02:18:30.2Z,0022400062,LAL,MIN,1,309.0,5.15,16.0,10.0,6.0
2024-10-23T02:18:46.4Z,0022400062,LAL,MIN,1,309.0,5.15,16.0,10.0,6.0
2024-10-23T02:18:46.4Z,0022400062,LAL,MIN,1,309.0,5.15,16.0,10.0,6.0
2024-10-23T02:19:04.1Z,0022400062,LAL,MIN,1,304.0,5.066666666666666,16.0,10.0,6.0
2024-10-23T02:19:06.1Z,0022400062,LAL,MIN,1,302.0,5.033333333333333,16.0,10.0,6.0
2024-10-23T02:19:17.0Z,0022400062,LAL,MIN,1,295.0,4.916666666666667,16.0,10.0,6.0
2024-10-23T02:19:47.7Z,0022400062,LAL,MIN,1,274.0,4.566666666666666,16.0,10.0,6.0
2024-10-23T02:19:49.7Z,0022400062,LAL,MIN,1,272.0,4.533333333333333,16.0,10.0,6.0
2024-10-23T02:19:54.9Z,0022400062,LAL,MIN,1,267.0,4.45,16.0,12.0,4.0
2024-10-23T02:20:15.7Z,0022400062,LAL,MIN,1,246.0,4.1,16.0,12.0,4.0
2024-10-23T02:20:15.7Z,0022400062,LAL,MIN,1,246.0,4.1,16.0,12.0,4.0
2024-10-23T02:20:45.5Z,0022400062,LAL,MIN,1,238.0,3.966666666666667,16.0,12.0,4.0
2024-10-23T02:20:52.5Z,0022400062,LAL,MIN,1,231.0,3.85,16.0,12.0,4.0
2024-10-23T02:20:51.7Z,0022400062,LAL,MIN,1,231.0,3.85,18.0,12.0,6.0
2024-10-23T02:21:03.1Z,0022400062,LAL,MIN,1,224.0,3.7333333333333334,18.0,12.0,6.0
2024-10-23T02:21:30.3Z,0022400062,LAL,MIN,1,207.0,3.45,18.0,12.0,6.0
2024-10-23T02:21:33.3Z,0022400062,LAL,MIN,1,204.0,3.4,18.0,12.0,6.0
2024-10-23T02:21:51.4Z,0022400062,LAL,MIN,1,186.0,3.1,18.0,12.0,6.0
2024-10-23T02:21:53.4Z,0022400062,LAL,MIN,1,184.0,3.066666666666667,18.0,12.0,6.0
2024-10-23T02:21:56.6Z,0022400062,LAL,MIN,1,183.0,3.05,18.0,12.0,6.0
2024-10-23T02:22:32.9Z,0022400062,LAL,MIN,1,183.0,3.05,18.0,13.0,5.0
2024-10-23T02:22:36.1Z,0022400062,LAL,MIN,1,183.0,3.05,18.0,13.0,5.0
2024-10-23T02:22:36.1Z,0022400062,LAL,MIN,1,183.0,3.05,18.0,13.0,5.0
2024-10-23T02:22:36.1Z,0022400062,LAL,MIN,1,183.0,3.05,18.0,13.0,5.0
2024-10-23T02:22:36.1Z,0022400062,LAL,MIN,1,183.0,3.05,18.0,13.0,5.0
2024-10-23T02:22:36.1Z,0022400062,LAL,MIN,1,183.0,3.05,18.0,13.0,5.0
2024-10-23T02:22:36.1Z,0022400062,LAL,MIN,1,183.0,3.05,18.0,13.0,5.0
2024-10-23T02:22:32.9Z,0022400062,LAL,MIN,1,183.0,3.05,18.0,13.0,5.0
2024-10-23T02:22:37.9Z,0022400062,LAL,MIN,1,178.0,2.966666666666667,18.0,13.0,5.0
2024-10-23T02:23:21.4Z,0022400062,LAL,MIN,1,162.0,2.7,18.0,13.0,5.0
2024-10-23T02:23:24.4Z,0022400062,LAL,MIN,1,159.0,2.65,18.0,13.0,5.0
2024-10-23T02:23:31.0Z,0022400062,LAL,MIN,1,153.0,2.55,18.0,15.0,3.0
2024-10-23T02:23:54.3Z,0022400062,LAL,MIN,1,132.0,2.2,18.0,15.0,3.0
2024-10-23T02:24:06.7Z,0022400062,LAL,MIN,1,132.0,2.2,18.0,15.0,3.0
2024-10-23T02:24:10.9Z,0022400062,LAL,MIN,1,132.0,2.2,18.0,15.0,3.0
2024-10-23T02:24:10.9Z,0022400062,LAL,MIN,1,132.0,2.2,18.0,15.0,3.0
2024-10-23T02:27:47.3Z,0022400062,LAL,MIN,1,132.0,2.2,19.0,15.0,4.0
2024-10-23T02:28:52.2Z,0022400062,LAL,MIN,1,132.0,2.2,20.0,15.0,5.0
2024-10-23T02:29:14.3Z,0022400062,LAL,MIN,1,115.0,1.9166666666666667,20.0,18.0,2.0
2024-10-23T02:29:30.8Z,0022400062,LAL,MIN,1,98.0,1.6333333333333333,20.0,18.0,2.0
2024-10-23T02:29:32.8Z,0022400062,LAL,MIN,1,96.0,1.6,20.0,18.0,2.0
2024-10-23T02:29:34.0Z,0022400062,LAL,MIN,1,95.0,1.5833333333333333,20.0,18.0,2.0
2024-10-23T02:29:36.0Z,0022400062,LAL,MIN,1,93.0,1.55,20.0,18.0,2.0
2024-10-23T02:29:42.6Z,0022400062,LAL,MIN,1,87.0,1.45,20.0,18.0,2.0
2024-10-23T02:29:46.6Z,0022400062,LAL,MIN,1,83.0,1.3833333333333333,20.0,18.0,2.0
2024-10-23T02:29:52.1Z,0022400062,LAL,MIN,1,76.0,1.2666666666666666,20.0,18.0,2.0
2024-10-23T02:29:54.1Z,0022400062,LAL,MIN,1,74.0,1.2333333333333334,20.0,18.0,2.0
2024-10-23T02:30:24.6Z,0022400062,LAL,MIN,1,68.0,1.1333333333333333,20.0,18.0,2.0
2024-10-23T02:30:37.2Z,0022400062,LAL,MIN,1,68.0,1.1333333333333333,20.0,18.0,2.0
2024-10-23T02:30:37.2Z,0022400062,LAL,MIN,1,68.0,1.1333333333333333,20.0,18.0,2.0
2024-10-23T02:30:38.2Z,0022400062,LAL,MIN,1,68.0,1.1333333333333333,20.0,18.0,2.0
2024-10-23T02:30:38.2Z,0022400062,LAL,MIN,1,68.0,1.1333333333333333,20.0,18.0,2.0
2024-10-23T02:30:37.2Z,0022400062,LAL,MIN,1,68.0,1.1333333333333333,20.0,18.0,2.0
2024-10-23T02:30:39.2Z,0022400062,LAL,MIN,1,66.0,1.1,20.0,18.0,2.0
2024-10-23T02:31:10.7Z,0022400062,LAL,MIN,1,57.3,0.955,20.0,18.0,2.0
2024-10-23T02:31:46.0Z,0022400062,LAL,MIN,1,57.3,0.955,21.0,18.0,3.0
2024-10-23T02:31:57.6Z,0022400062,LAL,MIN,1,57.3,0.955,22.0,18.0,4.0
2024-10-23T02:32:09.5Z,0022400062,LAL,MIN,1,49.7,0.8283333333333334,22.0,21.0,1.0
2024-10-23T02:32:27.2Z,0022400062,LAL,MIN,1,34.8,0.58,22.0,21.0,1.0
2024-10-23T02:32:27.6Z,0022400062,LAL,MIN,1,34.4,0.5733333333333334,22.0,21.0,1.0
2024-10-23T02:32:36.2Z,0022400062,LAL,MIN,1,34.4,0.5733333333333334,22.0,21.0,1.0
2024-10-23T02:32:57.2Z,0022400062,LAL,MIN,1,20.1,0.335,22.0,21.0,1.0
2024-10-23T02:32:58.1Z,0022400062,LAL,MIN,1,19.2,0.32,22.0,21.0,1.0
2024-10-23T02:32:59.9Z,0022400062,LAL,MIN,1,19.2,0.32,22.0,23.0,1.0
2024-10-23T02:33:19.2Z,0022400062,LAL,MIN,1,1.1,0.018333333333333333,22.0,23.0,1.0
2024-10-23T02:33:19.2Z,0022400062,LAL,MIN,1,1.1,0.018333333333333333,22.0,23.0,1.0
2024-10-23T02:33:23.6Z,0022400062,LAL,MIN,1,0.0,0.0,22.0,23.0,1.0
2024-10-23T02:36:43.6Z,0022400062,LAL,MIN,2,720.0,12.0,22.0,23.0,1.0
2024-10-23T02:36:43.6Z,0022400062,LAL,MIN,2,720.0,12.0,22.0,23.0,1.0
2024-10-23T02:36:43.6Z,0022400062,LAL,MIN,2,720.0,12.0,22.0,23.0,1.0
2024-10-23T02:36:43.6Z,0022400062,LAL,MIN,2,720.0,12.0,22.0,23.0,1.0
2024-10-23T02:36:43.6Z,0022400062,LAL,MIN,2,720.0,12.0,22.0,23.0,1.0
2024-10-23T02:36:43.6Z,0022400062,LAL,MIN,2,720.0,12.0,22.0,23.0,1.0
2024-10-23T02:37:00.2Z,0022400062,LAL,MIN,2,720.0,12.0,22.0,23.0,1.0
2024-10-23T02:37:16.2Z,0022400062,LAL,MIN,2,703.0,11.716666666666667,22.0,23.0,1.0
2024-10-23T02:37:18.4Z,0022400062,LAL,MIN,2,701.0,11.683333333333334,22.0,23.0,1.0
2024-10-23T02:37:19.3Z,0022400062,LAL,MIN,2,699.0,11.65,24.0,23.0,1.0
2024-10-23T02:37:37.1Z,0022400062,LAL,MIN,2,682.0,11.366666666666667,24.0,23.0,1.0
2024-10-23T02:37:40.1Z,0022400062,LAL,MIN,2,679.0,11.316666666666666,24.0,23.0,1.0
2024-10-23T02:37:45.2Z,0022400062,LAL,MIN,2,674.0,11.233333333333333,24.0,26.0,2.0
2024-10-23T02:38:07.4Z,0022400062,LAL,MIN,2,651.0,10.85,24.0,26.0,2.0
2024-10-23T02:38:08.4Z,0022400062,LAL,MIN,2,650.0,10.833333333333334,24.0,26.0,2.0
2024-10-23T02:38:19.5Z,0022400062,LAL,MIN,2,640.0,10.666666666666666,26.0,26.0,0.0
2024-10-23T02:38:38.4Z,0022400062,LAL,MIN,2,621.0,10.35,26.0,26.0,0.0
2024-10-23T02:38:38.4Z,0022400062,LAL,MIN,2,621.0,10.35,26.0,26.0,0.0
2024-10-23T02:38:47.6Z,0022400062,LAL,MIN,2,612.0,10.2,26.0,26.0,0.0
2024-10-23T02:38:49.6Z,0022400062,LAL,MIN,2,610.0,10.166666666666666,26.0,26.0,0.0
2024-10-23T02:39:18.4Z,0022400062,LAL,MIN,2,601.0,10.016666666666667,26.0,26.0,0.0
2024-10-23T02:39:21.4Z,0022400062,LAL,MIN,2,598.0,9.966666666666667,26.0,26.0,0.0
2024-10-23T02:39:45.3Z,0022400062,LAL,MIN,2,590.0,9.833333333333334,28.0,26.0,2.0
2024-10-23T02:39:59.4Z,0022400062,LAL,MIN,2,575.0,9.583333333333334,28.0,26.0,2.0
2024-10-23T02:40:01.8Z,0022400062,LAL,MIN,2,575.0,9.583333333333334,28.0,26.0,2.0
2024-10-23T02:40:02.9Z,0022400062,LAL,MIN,2,575.0,9.583333333333334,28.0,26.0,2.0
2024-10-23T02:40:32.5Z,0022400062,LAL,MIN,2,575.0,9.583333333333334,28.0,26.0,2.0
2024-10-23T02:40:32.5Z,0022400062,LAL,MIN,2,575.0,9.583333333333334,28.0,26.0,2.0
2024-10-23T02:40:44.1Z,0022400062,LAL,MIN,2,575.0,9.583333333333334,28.0,27.0,1.0
2024-10-23T02:40:53.3Z,0022400062,LAL,MIN,2,567.0,9.45,30.0,27.0,3.0
2024-10-23T02:41:14.8Z,0022400062,LAL,MIN,2,549.0,9.15,30.0,27.0,3.0
2024-10-23T02:41:14.8Z,0022400062,LAL,MIN,2,549.0,9.15,30.0,27.0,3.0
2024-10-23T02:41:45.7Z,0022400062,LAL,MIN,2,534.0,8.9,32.0,27.0,5.0
2024-10-23T02:42:00.4Z,0022400062,LAL,MIN,2,519.0,8.65,32.0,27.0,5.0
2024-10-23T02:42:02.4Z,0022400062,LAL,MIN,2,517.0,8.616666666666667,32.0,27.0,5.0
2024-10-23T02:42:07.2Z,0022400062,LAL,MIN,2,513.0,8.55,34.0,27.0,7.0
2024-10-23T02:42:23.4Z,0022400062,LAL,MIN,2,513.0,8.55,34.0,27.0,7.0
2024-10-23T02:45:14.3Z,0022400062,LAL,MIN,2,513.0,8.55,34.0,27.0,7.0
2024-10-23T02:45:14.3Z,0022400062,LAL,MIN,2,513.0,8.55,34.0,27.0,7.0
2024-10-23T02:45:14.3Z,0022400062,LAL,MIN,2,513.0,8.55,34.0,27.0,7.0
2024-10-23T02:45:14.3Z,0022400062,LAL,MIN,2,513.0,8.55,34.0,27.0,7.0
2024-10-23T02:45:46.7Z,0022400062,LAL,MIN,2,498.0,8.3,34.0,27.0,7.0
2024-10-23T02:45:48.8Z,0022400062,LAL,MIN,2,495.0,8.25,34.0,27.0,7.0
2024-10-23T02:46:03.6Z,0022400062,LAL,MIN,2,481.0,8.016666666666667,37.0,27.0,10.0
2024-10-23T02:46:20.1Z,0022400062,LAL,MIN,2,464.0,7.733333333333333,37.0,29.0,8.0
2024-10-23T02:46:32.8Z,0022400062,LAL,MIN,2,454.0,7.566666666666666,37.0,29.0,8.0
2024-10-23T02:46:44.7Z,0022400062,LAL,MIN,2,454.0,7.566666666666666,37.0,29.0,8.0
2024-10-23T02:46:44.7Z,0022400062,LAL,MIN,2,454.0,7.566666666666666,37.0,29.0,8.0
2024-10-23T02:46:44.7Z,0022400062,LAL,MIN,2,454.0,7.566666666666666,37.0,29.0,8.0
2024-10-23T02:46:44.7Z,0022400062,LAL,MIN,2,454.0,7.566666666666666,37.0,29.0,8.0
2024-10-23T02:47:17.4Z,0022400062,LAL,MIN,2,444.0,7.4,37.0,29.0,8.0
2024-10-23T02:47:49.0Z,0022400062,LAL,MIN,2,444.0,7.4,38.0,29.0,9.0
2024-10-23T02:47:50.3Z,0022400062,LAL,MIN,2,444.0,7.4,38.0,29.0,9.0
2024-10-23T02:47:50.3Z,0022400062,LAL,MIN,2,444.0,7.4,38.0,29.0,9.0
2024-10-23T02:48:13.2Z,0022400062,LAL,MIN,2,444.0,7.4,39.0,29.0,10.0
2024-10-23T02:48:23.7Z,0022400062,LAL,MIN,2,436.0,7.266666666666667,39.0,29.0,10.0
2024-10-23T02:48:23.7Z,0022400062,LAL,MIN,2,436.0,7.266666666666667,39.0,29.0,10.0
2024-10-23T02:48:26.3Z,0022400062,LAL,MIN,2,434.0,7.233333333333333,39.0,29.0,10.0
2024-10-23T02:48:26.3Z,0022400062,LAL,MIN,2,434.0,7.233333333333333,39.0,29.0,10.0
2024-10-23T02:48:33.1Z,0022400062,LAL,MIN,2,427.0,7.116666666666666,39.0,29.0,10.0
2024-10-23T02:48:33.1Z,0022400062,LAL,MIN,2,427.0,7.116666666666666,39.0,29.0,10.0
2024-10-23T02:48:36.1Z,0022400062,LAL,MIN,2,424.0,7.066666666666666,39.0,29.0,10.0
2024-10-23T02:48:40.1Z,0022400062,LAL,MIN,2,420.0,7.0,41.0,29.0,12.0
2024-10-23T02:48:50.1Z,0022400062,LAL,MIN,2,409.0,6.816666666666666,41.0,29.0,12.0
2024-10-23T02:48:50.1Z,0022400062,LAL,MIN,2,409.0,6.816666666666666,41.0,29.0,12.0
2024-10-23T02:48:53.6Z,0022400062,LAL,MIN,2,408.0,6.8,43.0,29.0,14.0
2024-10-23T02:48:57.0Z,0022400062,LAL,MIN,2,408.0,6.8,43.0,29.0,14.0
2024-10-23T02:49:07.8Z,0022400062,LAL,MIN,2,408.0,6.8,43.0,29.0,14.0
2024-10-23T02:49:07.8Z,0022400062,LAL,MIN,2,408.0,6.8,43.0,29.0,14.0
2024-10-23T02:49:07.8Z,0022400062,LAL,MIN,2,408.0,6.8,43.0,29.0,14.0
2024-10-23T02:49:07.8Z,0022400062,LAL,MIN,2,408.0,6.8,43.0,29.0,14.0
2024-10-23T02:49:27.3Z,0022400062,LAL,MIN,2,408.0,6.8,43.0,29.0,14.0
2024-10-23T02:49:29.3Z,0022400062,LAL,MIN,2,406.0,6.766666666666667,43.0,29.0,14.0
2024-10-23T02:49:49.0Z,0022400062,LAL,MIN,2,385.0,6.416666666666667,43.0,29.0,14.0
2024-10-23T02:49:53.0Z,0022400062,LAL,MIN,2,381.0,6.35,43.0,29.0,14.0
2024-10-23T02:49:59.8Z,0022400062,LAL,MIN,2,374.0,6.233333333333333,45.0,29.0,16.0
2024-10-23T02:50:16.9Z,0022400062,LAL,MIN,2,357.0,5.95,45.0,32.0,13.0
2024-10-23T02:50:33.3Z,0022400062,LAL,MIN,2,340.0,5.666666666666667,47.0,32.0,15.0
2024-10-23T02:50:52.0Z,0022400062,LAL,MIN,2,322.0,5.366666666666666,47.0,32.0,15.0
2024-10-23T02:50:54.0Z,0022400062,LAL,MIN,2,320.0,5.333333333333333,47.0,32.0,15.0
2024-10-23T02:50:59.2Z,0022400062,LAL,MIN,2,315.0,5.25,47.0,32.0,15.0
2024-10-23T02:51:02.4Z,0022400062,LAL,MIN,2,312.0,5.2,47.0,32.0,15.0
2024-10-23T02:51:04.0Z,0022400062,LAL,MIN,2,311.0,5.183333333333334,49.0,32.0,17.0
2024-10-23T02:51:19.2Z,0022400062,LAL,MIN,2,295.0,4.916666666666667,49.0,32.0,17.0
2024-10-23T02:51:22.2Z,0022400062,LAL,MIN,2,292.0,4.866666666666666,49.0,32.0,17.0
2024-10-23T02:51:24.4Z,0022400062,LAL,MIN,2,289.0,4.816666666666666,49.0,32.0,17.0
2024-10-23T02:51:28.4Z,0022400062,LAL,MIN,2,285.0,4.75,49.0,32.0,17.0
2024-10-23T02:51:37.4Z,0022400062,LAL,MIN,2,279.0,4.65,49.0,32.0,17.0
2024-10-23T02:51:41.7Z,0022400062,LAL,MIN,2,279.0,4.65,49.0,32.0,17.0
2024-10-23T02:51:41.7Z,0022400062,LAL,MIN,2,279.0,4.65,49.0,32.0,17.0
2024-10-23T02:51:41.7Z,0022400062,LAL,MIN,2,279.0,4.65,49.0,32.0,17.0
2024-10-23T02:51:41.7Z,0022400062,LAL,MIN,2,279.0,4.65,49.0,32.0,17.0
2024-10-23T02:52:16.9Z,0022400062,LAL,MIN,2,263.0,4.383333333333334,51.0,32.0,19.0
2024-10-23T02:52:21.3Z,0022400062,LAL,MIN,2,263.0,4.383333333333334,51.0,32.0,19.0
2024-10-23T02:52:34.6Z,0022400062,LAL,MIN,2,256.0,4.266666666666667,51.0,32.0,19.0
2024-10-23T02:52:55.9Z,0022400062,LAL,MIN,2,250.0,4.166666666666667,51.0,34.0,17.0
2024-10-23T02:52:58.8Z,0022400062,LAL,MIN,2,250.0,4.166666666666667,51.0,34.0,17.0
2024-10-23T02:53:23.5Z,0022400062,LAL,MIN,2,250.0,4.166666666666667,51.0,35.0,16.0
2024-10-23T02:53:50.2Z,0022400062,LAL,MIN,2,240.0,4.0,51.0,35.0,16.0
2024-10-23T02:53:50.2Z,0022400062,LAL,MIN,2,240.0,4.0,51.0,35.0,16.0
2024-10-23T02:53:50.2Z,0022400062,LAL,MIN,2,240.0,4.0,51.0,35.0,16.0
2024-10-23T02:53:50.2Z,0022400062,LAL,MIN,2,240.0,4.0,51.0,35.0,16.0
2024-10-23T02:54:09.6Z,0022400062,LAL,MIN,2,236.0,3.933333333333333,51.0,35.0,16.0
2024-10-23T02:54:13.6Z,0022400062,LAL,MIN,2,232.0,3.8666666666666667,51.0,35.0,16.0
2024-10-23T02:54:23.2Z,0022400062,LAL,MIN,2,222.0,3.7,51.0,37.0,14.0
2024-10-23T02:54:37.2Z,0022400062,LAL,MIN,2,208.0,3.466666666666667,51.0,37.0,14.0
2024-10-23T02:54:41.2Z,0022400062,LAL,MIN,2,204.0,3.4,51.0,37.0,14.0
2024-10-23T02:54:40.6Z,0022400062,LAL,MIN,2,204.0,3.4,51.0,37.0,14.0
2024-10-23T02:54:40.6Z,0022400062,LAL,MIN,2,204.0,3.4,51.0,37.0,14.0
2024-10-23T02:54:40.6Z,0022400062,LAL,MIN,2,204.0,3.4,51.0,37.0,14.0
2024-10-23T02:54:54.7Z,0022400062,LAL,MIN,2,190.0,3.1666666666666665,51.0,37.0,14.0
2024-10-23T02:54:56.7Z,0022400062,LAL,MIN,2,188.0,3.1333333333333333,51.0,37.0,14.0
2024-10-23T02:55:31.6Z,0022400062,LAL,MIN,2,164.0,2.7333333333333334,51.0,37.0,14.0
2024-10-23T02:55:34.6Z,0022400062,LAL,MIN,2,161.0,2.683333333333333,51.0,37.0,14.0
2024-10-23T02:55:42.9Z,0022400062,LAL,MIN,2,152.0,2.533333333333333,51.0,37.0,14.0
2024-10-23T02:55:47.2Z,0022400062,LAL,MIN,2,147.0,2.45,51.0,37.0,14.0
2024-10-23T02:55:47.2Z,0022400062,LAL,MIN,2,147.0,2.45,51.0,39.0,12.0
2024-10-23T02:55:57.7Z,0022400062,LAL,MIN,2,144.0,2.4,51.0,39.0,12.0
2024-10-23T02:59:31.4Z,0022400062,LAL,MIN,2,134.0,2.2333333333333334,53.0,39.0,14.0
2024-10-23T02:59:47.7Z,0022400062,LAL,MIN,2,117.0,1.95,53.0,42.0,11.0
2024-10-23T03:00:07.1Z,0022400062,LAL,MIN,2,98.0,1.6333333333333333,53.0,42.0,11.0
2024-10-23T03:00:10.1Z,0022400062,LAL,MIN,2,95.0,1.5833333333333333,53.0,42.0,11.0
2024-10-23T03:00:18.3Z,0022400062,LAL,MIN,2,89.0,1.4833333333333334,53.0,42.0,11.0
2024-10-23T03:00:18.3Z,0022400062,LAL,MIN,2,89.0,1.4833333333333334,53.0,42.0,11.0
2024-10-23T03:00:31.4Z,0022400062,LAL,MIN,2,79.0,1.3166666666666667,53.0,42.0,11.0
2024-10-23T03:00:37.8Z,0022400062,LAL,MIN,2,79.0,1.3166666666666667,53.0,42.0,11.0
2024-10-23T03:00:37.8Z,0022400062,LAL,MIN,2,79.0,1.3166666666666667,53.0,42.0,11.0
2024-10-23T03:00:37.8Z,0022400062,LAL,MIN,2,79.0,1.3166666666666667,53.0,42.0,11.0
2024-10-23T03:00:37.8Z,0022400062,LAL,MIN,2,79.0,1.3166666666666667,53.0,42.0,11.0
2024-10-23T03:01:49.1Z,0022400062,LAL,MIN,2,65.0,1.0833333333333333,53.0,42.0,11.0
2024-10-23T03:01:51.1Z,0022400062,LAL,MIN,2,63.0,1.05,53.0,42.0,11.0
2024-10-23T03:02:01.4Z,0022400062,LAL,MIN,2,53.9,0.8983333333333333,53.0,42.0,11.0
2024-10-23T03:02:04.8Z,0022400062,LAL,MIN,2,50.5,0.8416666666666667,53.0,42.0,11.0
2024-10-23T03:02:16.2Z,0022400062,LAL,MIN,2,44.6,0.7433333333333334,53.0,42.0,11.0
2024-10-23T03:02:39.1Z,0022400062,LAL,MIN,2,44.6,0.7433333333333334,54.0,42.0,12.0
2024-10-23T03:02:55.2Z,0022400062,LAL,MIN,2,44.6,0.7433333333333334,55.0,42.0,13.0
2024-10-23T03:03:11.6Z,0022400062,LAL,MIN,2,30.5,0.5083333333333333,55.0,42.0,13.0
2024-10-23T03:03:14.8Z,0022400062,LAL,MIN,2,27.3,0.455,55.0,42.0,13.0
2024-10-23T03:03:28.7Z,0022400062,LAL,MIN,2,13.3,0.22166666666666668,55.0,42.0,13.0
2024-10-23T03:03:31.3Z,0022400062,LAL,MIN,2,11.9,0.19833333333333333,55.0,42.0,13.0
2024-10-23T03:03:43.7Z,0022400062,LAL,MIN,2,3.2,0.05333333333333334,55.0,42.0,13.0
2024-10-23T03:04:08.9Z,0022400062,LAL,MIN,2,0.3,0.005,55.0,42.0,13.0
2024-10-23T03:04:09.1Z,0022400062,LAL,MIN,2,0.1,0.0016666666666666668,55.0,42.0,13.0
2024-10-23T03:04:12.3Z,0022400062,LAL,MIN,2,0.0,0.0,55.0,42.0,13.0
2024-10-23T03:20:28.3Z,0022400062,LAL,MIN,3,720.0,12.0,55.0,42.0,13.0
2024-10-23T03:20:28.3Z,0022400062,LAL,MIN,3,720.0,12.0,55.0,42.0,13.0
2024-10-23T03:20:28.3Z,0022400062,LAL,MIN,3,720.0,12.0,55.0,42.0,13.0
2024-10-23T03:20:28.3Z,0022400062,LAL,MIN,3,720.0,12.0,55.0,42.0,13.0
2024-10-23T03:20:28.3Z,0022400062,LAL,MIN,3,720.0,12.0,55.0,42.0,13.0
2024-10-23T03:20:28.3Z,0022400062,LAL,MIN,3,720.0,12.0,55.0,42.0,13.0
2024-10-23T03:20:45.7Z,0022400062,LAL,MIN,3,720.0,12.0,55.0,42.0,13.0
2024-10-23T03:20:59.8Z,0022400062,LAL,MIN,3,704.0,11.733333333333333,57.0,42.0,15.0
2024-10-23T03:21:13.4Z,0022400062,LAL,MIN,3,691.0,11.516666666666667,57.0,42.0,15.0
2024-10-23T03:21:17.4Z,0022400062,LAL,MIN,3,687.0,11.45,57.0,42.0,15.0
2024-10-23T03:21:19.5Z,0022400062,LAL,MIN,3,685.0,11.416666666666666,57.0,44.0,13.0
2024-10-23T03:21:41.8Z,0022400062,LAL,MIN,3,663.0,11.05,57.0,44.0,13.0
2024-10-23T03:21:43.8Z,0022400062,LAL,MIN,3,661.0,11.016666666666667,57.0,44.0,13.0
2024-10-23T03:21:50.3Z,0022400062,LAL,MIN,3,657.0,10.95,57.0,44.0,13.0
2024-10-23T03:22:17.0Z,0022400062,LAL,MIN,3,650.0,10.833333333333334,57.0,44.0,13.0
2024-10-23T03:22:18.0Z,0022400062,LAL,MIN,3,649.0,10.816666666666666,57.0,44.0,13.0
2024-10-23T03:22:22.4Z,0022400062,LAL,MIN,3,649.0,10.816666666666666,57.0,44.0,13.0
2024-10-23T03:22:49.1Z,0022400062,LAL,MIN,3,644.0,10.733333333333333,57.0,44.0,13.0
2024-10-23T03:23:10.9Z,0022400062,LAL,MIN,3,630.0,10.5,59.0,44.0,15.0
2024-10-23T03:23:28.8Z,0022400062,LAL,MIN,3,612.0,10.2,59.0,44.0,15.0
2024-10-23T03:23:29.8Z,0022400062,LAL,MIN,3,611.0,10.183333333333334,59.0,44.0,15.0
2024-10-23T03:23:51.4Z,0022400062,LAL,MIN,3,609.0,10.15,59.0,44.0,15.0
2024-10-23T03:23:51.4Z,0022400062,LAL,MIN,3,609.0,10.15,59.0,44.0,15.0
2024-10-23T03:23:56.1Z,0022400062,LAL,MIN,3,606.0,10.1,59.0,44.0,15.0
2024-10-23T03:25:15.5Z,0022400062,LAL,MIN,3,606.0,10.1,60.0,44.0,16.0
2024-10-23T03:25:15.5Z,0022400062,LAL,MIN,3,606.0,10.1,60.0,44.0,16.0
2024-10-23T03:25:17.5Z,0022400062,LAL,MIN,3,604.0,10.066666666666666,60.0,44.0,16.0
2024-10-23T03:25:46.1Z,0022400062,LAL,MIN,3,599.0,9.983333333333333,60.0,44.0,16.0
2024-10-23T03:25:48.0Z,0022400062,LAL,MIN,3,597.0,9.95,60.0,44.0,16.0
2024-10-23T03:25:50.0Z,0022400062,LAL,MIN,3,595.0,9.916666666666666,60.0,44.0,16.0
2024-10-23T03:26:02.9Z,0022400062,LAL,MIN,3,582.0,9.7,60.0,47.0,13.0
2024-10-23T03:26:15.7Z,0022400062,LAL,MIN,3,570.0,9.5,62.0,47.0,15.0
2024-10-23T03:26:36.4Z,0022400062,LAL,MIN,3,549.0,9.15,62.0,47.0,15.0
2024-10-23T03:26:39.4Z,0022400062,LAL,MIN,3,546.0,9.1,62.0,47.0,15.0
2024-10-23T03:26:42.3Z,0022400062,LAL,MIN,3,543.0,9.05,62.0,47.0,15.0
2024-10-23T03:26:46.3Z,0022400062,LAL,MIN,3,539.0,8.983333333333333,62.0,47.0,15.0
2024-10-23T03:26:50.8Z,0022400062,LAL,MIN,3,535.0,8.916666666666666,62.0,47.0,15.0
2024-10-23T03:27:11.0Z,0022400062,LAL,MIN,3,520.0,8.666666666666666,62.0,47.0,15.0
2024-10-23T03:27:13.0Z,0022400062,LAL,MIN,3,518.0,8.633333333333333,62.0,47.0,15.0
2024-10-23T03:27:20.8Z,0022400062,LAL,MIN,3,511.0,8.516666666666667,62.0,47.0,15.0
2024-10-23T03:27:22.8Z,0022400062,LAL,MIN,3,509.0,8.483333333333333,62.0,47.0,15.0
2024-10-23T03:27:26.4Z,0022400062,LAL,MIN,3,506.0,8.433333333333334,62.0,47.0,15.0
2024-10-23T03:27:59.9Z,0022400062,LAL,MIN,3,506.0,8.433333333333334,63.0,47.0,16.0
2024-10-23T03:28:02.5Z,0022400062,LAL,MIN,3,506.0,8.433333333333334,63.0,47.0,16.0
2024-10-23T03:28:02.5Z,0022400062,LAL,MIN,3,506.0,8.433333333333334,63.0,47.0,16.0
2024-10-23T03:28:25.3Z,0022400062,LAL,MIN,3,506.0,8.433333333333334,64.0,47.0,17.0
2024-10-23T03:28:48.6Z,0022400062,LAL,MIN,3,486.0,8.1,64.0,50.0,14.0
2024-10-23T03:29:10.7Z,0022400062,LAL,MIN,3,464.0,7.733333333333333,64.0,50.0,14.0
2024-10-23T03:29:12.7Z,0022400062,LAL,MIN,3,462.0,7.7,64.0,50.0,14.0
2024-10-23T03:29:14.1Z,0022400062,LAL,MIN,3,460.0,7.666666666666667,64.0,50.0,14.0
2024-10-23T03:29:18.0Z,0022400062,LAL,MIN,3,457.0,7.616666666666666,64.0,50.0,14.0
2024-10-23T03:29:18.0Z,0022400062,LAL,MIN,3,457.0,7.616666666666666,64.0,50.0,14.0
2024-10-23T03:29:18.9Z,0022400062,LAL,MIN,3,456.0,7.6,64.0,50.0,14.0
2024-10-23T03:29:32.6Z,0022400062,LAL,MIN,3,442.0,7.366666666666666,64.0,50.0,14.0
2024-10-23T03:29:33.6Z,0022400062,LAL,MIN,3,441.0,7.35,64.0,50.0,14.0
2024-10-23T03:29:37.7Z,0022400062,LAL,MIN,3,437.0,7.283333333333333,64.0,50.0,14.0
2024-10-23T03:29:40.7Z,0022400062,LAL,MIN,3,434.0,7.233333333333333,64.0,50.0,14.0
2024-10-23T03:29:46.5Z,0022400062,LAL,MIN,3,428.0,7.133333333333334,64.0,50.0,14.0
2024-10-23T03:29:46.5Z,0022400062,LAL,MIN,3,428.0,7.133333333333334,64.0,50.0,14.0
2024-10-23T03:29:46.5Z,0022400062,LAL,MIN,3,428.0,7.133333333333334,64.0,50.0,14.0
2024-10-23T03:30:41.9Z,0022400062,LAL,MIN,3,419.0,6.983333333333333,64.0,50.0,14.0
2024-10-23T03:30:53.6Z,0022400062,LAL,MIN,3,419.0,6.983333333333333,64.0,50.0,14.0
2024-10-23T03:34:18.4Z,0022400062,LAL,MIN,3,419.0,6.983333333333333,64.0,50.0,14.0
2024-10-23T03:34:18.4Z,0022400062,LAL,MIN,3,419.0,6.983333333333333,64.0,50.0,14.0
2024-10-23T03:34:42.6Z,0022400062,LAL,MIN,3,419.0,6.983333333333333,64.0,51.0,13.0
2024-10-23T03:34:57.9Z,0022400062,LAL,MIN,3,419.0,6.983333333333333,64.0,52.0,12.0
2024-10-23T03:35:16.3Z,0022400062,LAL,MIN,3,419.0,6.983333333333333,64.0,53.0,11.0
2024-10-23T03:35:32.5Z,0022400062,LAL,MIN,3,408.0,6.8,64.0,53.0,11.0
2024-10-23T03:36:34.2Z,0022400062,LAL,MIN,3,408.0,6.8,65.0,53.0,12.0
2024-10-23T03:36:52.0Z,0022400062,LAL,MIN,3,408.0,6.8,66.0,53.0,13.0
2024-10-23T03:37:04.3Z,0022400062,LAL,MIN,3,397.0,6.616666666666666,66.0,53.0,13.0
2024-10-23T03:37:06.3Z,0022400062,LAL,MIN,3,395.0,6.583333333333333,66.0,53.0,13.0
2024-10-23T03:37:59.7Z,0022400062,LAL,MIN,3,386.0,6.433333333333334,66.0,53.0,13.0
2024-10-23T03:38:01.7Z,0022400062,LAL,MIN,3,384.0,6.4,66.0,53.0,13.0
2024-10-23T03:38:09.7Z,0022400062,LAL,MIN,3,377.0,6.283333333333333,66.0,53.0,13.0
2024-10-23T03:38:33.0Z,0022400062,LAL,MIN,3,377.0,6.283333333333333,66.0,53.0,13.0
2024-10-23T03:38:33.0Z,0022400062,LAL,MIN,3,377.0,6.283333333333333,66.0,53.0,13.0
2024-10-23T03:38:35.1Z,0022400062,LAL,MIN,3,377.0,6.283333333333333,66.0,53.0,13.0
2024-10-23T03:38:35.1Z,0022400062,LAL,MIN,3,377.0,6.283333333333333,66.0,53.0,13.0
2024-10-23T03:38:33.0Z,0022400062,LAL,MIN,3,377.0,6.283333333333333,66.0,54.0,12.0
2024-10-23T03:39:19.3Z,0022400062,LAL,MIN,3,358.0,5.966666666666667,66.0,54.0,12.0
2024-10-23T03:39:21.3Z,0022400062,LAL,MIN,3,356.0,5.933333333333334,66.0,54.0,12.0
2024-10-23T03:39:22.9Z,0022400062,LAL,MIN,3,353.0,5.883333333333334,68.0,54.0,14.0
2024-10-23T03:39:36.7Z,0022400062,LAL,MIN,3,339.0,5.65,68.0,54.0,14.0
2024-10-23T03:39:38.7Z,0022400062,LAL,MIN,3,337.0,5.616666666666666,68.0,54.0,14.0
2024-10-23T03:39:54.6Z,0022400062,LAL,MIN,3,329.0,5.483333333333333,68.0,54.0,14.0
2024-10-23T03:39:54.6Z,0022400062,LAL,MIN,3,329.0,5.483333333333333,68.0,54.0,14.0
2024-10-23T03:40:13.8Z,0022400062,LAL,MIN,3,320.0,5.333333333333333,70.0,54.0,16.0
2024-10-23T03:40:27.4Z,0022400062,LAL,MIN,3,306.0,5.1,70.0,57.0,13.0
2024-10-23T03:40:42.6Z,0022400062,LAL,MIN,3,293.0,4.883333333333334,70.0,57.0,13.0
2024-10-23T03:40:42.6Z,0022400062,LAL,MIN,3,293.0,4.883333333333334,70.0,57.0,13.0
2024-10-23T03:40:58.0Z,0022400062,LAL,MIN,3,282.0,4.7,70.0,59.0,11.0
2024-10-23T03:41:16.9Z,0022400062,LAL,MIN,3,262.0,4.366666666666666,70.0,59.0,11.0
2024-10-23T03:41:18.9Z,0022400062,LAL,MIN,3,260.0,4.333333333333333,70.0,59.0,11.0
2024-10-23T03:41:31.5Z,0022400062,LAL,MIN,3,257.0,4.283333333333333,70.0,59.0,11.0
2024-10-23T03:41:59.9Z,0022400062,LAL,MIN,3,257.0,4.283333333333333,70.0,60.0,10.0
2024-10-23T03:42:01.3Z,0022400062,LAL,MIN,3,257.0,4.283333333333333,70.0,60.0,10.0
2024-10-23T03:42:01.3Z,0022400062,LAL,MIN,3,257.0,4.283333333333333,70.0,60.0,10.0
2024-10-23T03:42:19.7Z,0022400062,LAL,MIN,3,257.0,4.283333333333333,70.0,61.0,9.0
2024-10-23T03:42:48.0Z,0022400062,LAL,MIN,3,231.0,3.85,72.0,61.0,11.0
2024-10-23T03:43:07.0Z,0022400062,LAL,MIN,3,217.0,3.6166666666666667,72.0,61.0,11.0
2024-10-23T03:43:37.8Z,0022400062,LAL,MIN,3,217.0,3.6166666666666667,72.0,62.0,10.0
2024-10-23T03:43:38.6Z,0022400062,LAL,MIN,3,217.0,3.6166666666666667,72.0,62.0,10.0
2024-10-23T03:43:38.6Z,0022400062,LAL,MIN,3,217.0,3.6166666666666667,72.0,62.0,10.0
2024-10-23T03:44:02.2Z,0022400062,LAL,MIN,3,217.0,3.6166666666666667,72.0,63.0,9.0
2024-10-23T03:44:14.7Z,0022400062,LAL,MIN,3,206.0,3.433333333333333,74.0,63.0,11.0
2024-10-23T03:44:28.2Z,0022400062,LAL,MIN,3,193.0,3.216666666666667,74.0,65.0,9.0
2024-10-23T03:44:42.7Z,0022400062,LAL,MIN,3,180.0,3.0,76.0,65.0,11.0
2024-10-23T03:44:51.7Z,0022400062,LAL,MIN,3,180.0,3.0,76.0,65.0,11.0
2024-10-23T03:45:01.8Z,0022400062,LAL,MIN,3,180.0,3.0,76.0,65.0,11.0
2024-10-23T03:45:01.8Z,0022400062,LAL,MIN,3,180.0,3.0,76.0,65.0,11.0
2024-10-23T03:45:01.8Z,0022400062,LAL,MIN,3,180.0,3.0,76.0,65.0,11.0
2024-10-23T03:45:01.8Z,0022400062,LAL,MIN,3,180.0,3.0,76.0,65.0,11.0
2024-10-23T03:45:01.8Z,0022400062,LAL,MIN,3,180.0,3.0,76.0,65.0,11.0
2024-10-23T03:45:01.8Z,0022400062,LAL,MIN,3,180.0,3.0,76.0,65.0,11.0
2024-10-23T03:45:25.0Z,0022400062,LAL,MIN,3,180.0,3.0,77.0,65.0,12.0
2024-10-23T03:45:43.9Z,0022400062,LAL,MIN,3,163.0,2.716666666666667,77.0,65.0,12.0
2024-10-23T03:45:52.9Z,0022400062,LAL,MIN,3,154.0,2.566666666666667,77.0,65.0,12.0
2024-10-23T03:45:54.2Z,0022400062,LAL,MIN,3,152.0,2.533333333333333,77.0,65.0,12.0
2024-10-23T03:45:58.1Z,0022400062,LAL,MIN,3,150.0,2.5,77.0,65.0,12.0
2024-10-23T03:46:05.5Z,0022400062,LAL,MIN,3,150.0,2.5,77.0,65.0,12.0
2024-10-23T03:47:02.9Z,0022400062,LAL,MIN,3,150.0,2.5,77.0,65.0,12.0
2024-10-23T03:49:37.8Z,0022400062,LAL,MIN,3,150.0,2.5,77.0,66.0,11.0
2024-10-23T03:49:55.2Z,0022400062,LAL,MIN,3,150.0,2.5,77.0,67.0,10.0
2024-10-23T03:50:11.9Z,0022400062,LAL,MIN,3,134.0,2.2333333333333334,80.0,67.0,13.0
2024-10-23T03:50:34.6Z,0022400062,LAL,MIN,3,111.0,1.85,80.0,69.0,11.0
2024-10-23T03:50:40.4Z,0022400062,LAL,MIN,3,106.0,1.7666666666666666,82.0,69.0,13.0
2024-10-23T03:51:26.7Z,0022400062,LAL,MIN,3,79.0,1.3166666666666667,82.0,71.0,11.0
2024-10-23T03:51:46.5Z,0022400062,LAL,MIN,3,59.8,0.9966666666666666,82.0,71.0,11.0
2024-10-23T03:51:48.9Z,0022400062,LAL,MIN,3,57.4,0.9566666666666667,82.0,71.0,11.0
2024-10-23T03:51:55.0Z,0022400062,LAL,MIN,3,52.3,0.8716666666666666,82.0,71.0,11.0
2024-10-23T03:51:57.8Z,0022400062,LAL,MIN,3,49.5,0.825,82.0,71.0,11.0
2024-10-23T03:52:00.0Z,0022400062,LAL,MIN,3,49.5,0.825,82.0,71.0,11.0
2024-10-23T03:52:34.3Z,0022400062,LAL,MIN,3,49.5,0.825,82.0,72.0,10.0
2024-10-23T03:52:34.3Z,0022400062,LAL,MIN,3,49.5,0.825,82.0,72.0,10.0
2024-10-23T03:52:36.9Z,0022400062,LAL,MIN,3,46.9,0.7816666666666666,82.0,72.0,10.0
2024-10-23T03:53:14.9Z,0022400062,LAL,MIN,3,29.2,0.48666666666666664,82.0,72.0,10.0
2024-10-23T03:53:14.9Z,0022400062,LAL,MIN,3,29.2,0.48666666666666664,82.0,72.0,10.0
2024-10-23T03:53:19.2Z,0022400062,LAL,MIN,3,24.9,0.415,82.0,72.0,10.0
2024-10-23T03:53:19.2Z,0022400062,LAL,MIN,3,24.9,0.415,82.0,72.0,10.0
2024-10-23T03:53:22.2Z,0022400062,LAL,MIN,3,21.9,0.365,82.0,72.0,10.0
2024-10-23T03:53:22.2Z,0022400062,LAL,MIN,3,21.9,0.365,82.0,72.0,10.0
2024-10-23T03:53:28.5Z,0022400062,LAL,MIN,3,15.6,0.26,82.0,72.0,10.0
2024-10-23T03:53:30.7Z,0022400062,LAL,MIN,3,13.5,0.225,82.0,72.0,10.0
2024-10-23T03:53:32.0Z,0022400062,LAL,MIN,3,13.4,0.22333333333333333,82.0,74.0,8.0
2024-10-23T03:53:47.1Z,0022400062,LAL,MIN,3,1.1,0.018333333333333333,82.0,74.0,8.0
2024-10-23T03:53:48.1Z,0022400062,LAL,MIN,3,0.1,0.0016666666666666668,82.0,74.0,8.0
2024-10-23T03:53:52.8Z,0022400062,LAL,MIN,3,0.0,0.0,82.0,74.0,8.0
2024-10-23T03:56:48.3Z,0022400062,LAL,MIN,4,720.0,12.0,82.0,74.0,8.0
2024-10-23T03:56:48.3Z,0022400062,LAL,MIN,4,720.0,12.0,82.0,74.0,8.0
2024-10-23T03:56:48.3Z,0022400062,LAL,MIN,4,720.0,12.0,82.0,74.0,8.0
2024-10-23T03:56:48.3Z,0022400062,LAL,MIN,4,720.0,12.0,82.0,74.0,8.0
2024-10-23T03:56:48.3Z,0022400062,LAL,MIN,4,720.0,12.0,82.0,74.0,8.0
2024-10-23T03:56:48.3Z,0022400062,LAL,MIN,4,720.0,12.0,82.0,74.0,8.0
2024-10-23T03:56:48.3Z,0022400062,LAL,MIN,4,720.0,12.0,82.0,74.0,8.0
2024-10-23T03:56:48.3Z,0022400062,LAL,MIN,4,720.0,12.0,82.0,74.0,8.0
2024-10-23T03:56:48.3Z,0022400062,LAL,MIN,4,720.0,12.0,82.0,74.0,8.0
2024-10-23T03:56:48.3Z,0022400062,LAL,MIN,4,720.0,12.0,82.0,74.0,8.0
2024-10-23T03:57:28.0Z,0022400062,LAL,MIN,4,720.0,12.0,82.0,74.0,8.0
2024-10-23T03:57:45.1Z,0022400062,LAL,MIN,4,708.0,11.8,82.0,74.0,8.0
2024-10-23T03:58:07.4Z,0022400062,LAL,MIN,4,708.0,11.8,82.0,75.0,7.0
2024-10-23T03:58:22.7Z,0022400062,LAL,MIN,4,708.0,11.8,82.0,76.0,6.0
2024-10-23T03:58:42.8Z,0022400062,LAL,MIN,4,694.0,11.566666666666666,84.0,76.0,8.0
2024-10-23T03:58:47.6Z,0022400062,LAL,MIN,4,694.0,11.566666666666666,84.0,76.0,8.0
2024-10-23T03:59:15.4Z,0022400062,LAL,MIN,4,694.0,11.566666666666666,85.0,76.0,9.0
2024-10-23T03:59:35.2Z,0022400062,LAL,MIN,4,679.0,11.316666666666666,85.0,76.0,9.0
2024-10-23T03:59:37.1Z,0022400062,LAL,MIN,4,679.0,11.316666666666666,85.0,76.0,9.0
2024-10-23T03:59:37.8Z,0022400062,LAL,MIN,4,679.0,11.316666666666666,85.0,76.0,9.0
2024-10-23T03:59:58.3Z,0022400062,LAL,MIN,4,672.0,11.2,85.0,78.0,7.0
2024-10-23T04:00:24.2Z,0022400062,LAL,MIN,4,646.0,10.766666666666667,85.0,78.0,7.0
2024-10-23T04:00:27.2Z,0022400062,LAL,MIN,4,643.0,10.716666666666667,85.0,78.0,7.0
2024-10-23T04:00:32.1Z,0022400062,LAL,MIN,4,638.0,10.633333333333333,85.0,81.0,4.0
2024-10-23T04:00:49.2Z,0022400062,LAL,MIN,4,631.0,10.516666666666667,85.0,81.0,4.0
2024-10-23T04:04:05.8Z,0022400062,LAL,MIN,4,631.0,10.516666666666667,85.0,81.0,4.0
2024-10-23T04:04:05.8Z,0022400062,LAL,MIN,4,631.0,10.516666666666667,85.0,81.0,4.0
2024-10-23T04:04:23.3Z,0022400062,LAL,MIN,4,616.0,10.266666666666667,85.0,81.0,4.0
2024-10-23T04:04:26.3Z,0022400062,LAL,MIN,4,613.0,10.216666666666667,85.0,81.0,4.0
2024-10-23T04:04:39.5Z,0022400062,LAL,MIN,4,604.0,10.066666666666666,85.0,81.0,4.0
2024-10-23T04:04:58.5Z,0022400062,LAL,MIN,4,598.0,9.966666666666667,85.0,81.0,4.0
2024-10-23T04:05:01.5Z,0022400062,LAL,MIN,4,595.0,9.916666666666666,85.0,81.0,4.0
2024-10-23T04:05:09.3Z,0022400062,LAL,MIN,4,589.0,9.816666666666666,85.0,81.0,4.0
2024-10-23T04:05:38.1Z,0022400062,LAL,MIN,4,580.0,9.666666666666666,85.0,81.0,4.0
2024-10-23T04:05:52.8Z,0022400062,LAL,MIN,4,580.0,9.666666666666666,85.0,81.0,4.0
2024-10-23T04:05:52.8Z,0022400062,LAL,MIN,4,580.0,9.666666666666666,85.0,81.0,4.0
2024-10-23T04:05:52.8Z,0022400062,LAL,MIN,4,580.0,9.666666666666666,85.0,81.0,4.0
2024-10-23T04:05:52.8Z,0022400062,LAL,MIN,4,580.0,9.666666666666666,85.0,81.0,4.0
2024-10-23T04:06:26.2Z,0022400062,LAL,MIN,4,572.0,9.533333333333333,87.0,81.0,6.0
2024-10-23T04:06:41.0Z,0022400062,LAL,MIN,4,557.0,9.283333333333333,87.0,81.0,6.0
2024-10-23T04:06:43.0Z,0022400062,LAL,MIN,4,555.0,9.25,87.0,81.0,6.0
2024-10-23T04:06:47.4Z,0022400062,LAL,MIN,4,551.0,9.183333333333334,89.0,81.0,8.0
2024-10-23T04:07:06.9Z,0022400062,LAL,MIN,4,531.0,8.85,89.0,81.0,8.0
2024-10-23T04:07:06.9Z,0022400062,LAL,MIN,4,531.0,8.85,89.0,81.0,8.0
2024-10-23T04:07:06.9Z,0022400062,LAL,MIN,4,531.0,8.85,89.0,81.0,8.0
2024-10-23T04:07:14.3Z,0022400062,LAL,MIN,4,531.0,8.85,89.0,81.0,8.0
2024-10-23T04:07:44.6Z,0022400062,LAL,MIN,4,522.0,8.7,89.0,81.0,8.0
2024-10-23T04:08:02.8Z,0022400062,LAL,MIN,4,517.0,8.616666666666667,91.0,81.0,10.0
2024-10-23T04:08:10.9Z,0022400062,LAL,MIN,4,516.0,8.6,91.0,81.0,10.0
2024-10-23T04:11:04.5Z,0022400062,LAL,MIN,4,516.0,8.6,91.0,81.0,10.0
2024-10-23T04:11:04.5Z,0022400062,LAL,MIN,4,516.0,8.6,91.0,81.0,10.0
2024-10-23T04:11:04.5Z,0022400062,LAL,MIN,4,516.0,8.6,91.0,81.0,10.0
2024-10-23T04:11:04.5Z,0022400062,LAL,MIN,4,516.0,8.6,91.0,81.0,10.0
2024-10-23T04:11:46.4Z,0022400062,LAL,MIN,4,500.0,8.333333333333334,91.0,84.0,7.0
2024-10-23T04:12:15.0Z,0022400062,LAL,MIN,4,472.0,7.866666666666666,91.0,84.0,7.0
2024-10-23T04:12:17.4Z,0022400062,LAL,MIN,4,469.0,7.816666666666666,91.0,84.0,7.0
2024-10-23T04:12:36.3Z,0022400062,LAL,MIN,4,450.0,7.5,91.0,84.0,7.0
2024-10-23T04:12:39.3Z,0022400062,LAL,MIN,4,447.0,7.45,91.0,84.0,7.0
2024-10-23T04:12:41.3Z,0022400062,LAL,MIN,4,445.0,7.416666666666667,91.0,84.0,7.0
2024-10-23T04:12:44.3Z,0022400062,LAL,MIN,4,442.0,7.366666666666666,91.0,84.0,7.0
2024-10-23T04:12:59.0Z,0022400062,LAL,MIN,4,429.0,7.15,91.0,84.0,7.0
2024-10-23T04:13:35.6Z,0022400062,LAL,MIN,4,429.0,7.15,91.0,84.0,7.0
2024-10-23T04:13:35.6Z,0022400062,LAL,MIN,4,429.0,7.15,91.0,84.0,7.0
2024-10-23T04:13:36.5Z,0022400062,LAL,MIN,4,429.0,7.15,91.0,84.0,7.0
2024-10-23T04:13:36.5Z,0022400062,LAL,MIN,4,429.0,7.15,91.0,84.0,7.0
2024-10-23T04:13:36.5Z,0022400062,LAL,MIN,4,429.0,7.15,91.0,84.0,7.0
2024-10-23T04:13:36.5Z,0022400062,LAL,MIN,4,429.0,7.15,91.0,84.0,7.0
2024-10-23T04:13:56.5Z,0022400062,LAL,MIN,4,429.0,7.15,92.0,84.0,8.0
2024-10-23T04:14:16.2Z,0022400062,LAL,MIN,4,412.0,6.866666666666666,92.0,84.0,8.0
2024-10-23T04:14:16.2Z,0022400062,LAL,MIN,4,412.0,6.866666666666666,92.0,84.0,8.0
2024-10-23T04:14:22.0Z,0022400062,LAL,MIN,4,412.0,6.866666666666666,92.0,84.0,8.0
2024-10-23T04:14:56.1Z,0022400062,LAL,MIN,4,412.0,6.866666666666666,93.0,84.0,9.0
2024-10-23T04:14:56.1Z,0022400062,LAL,MIN,4,412.0,6.866666666666666,93.0,84.0,9.0
2024-10-23T04:14:58.1Z,0022400062,LAL,MIN,4,410.0,6.833333333333333,93.0,84.0,9.0
2024-10-23T04:15:34.2Z,0022400062,LAL,MIN,4,396.0,6.6,93.0,84.0,9.0
2024-10-23T04:15:34.2Z,0022400062,LAL,MIN,4,396.0,6.6,93.0,84.0,9.0
2024-10-23T04:15:34.2Z,0022400062,LAL,MIN,4,396.0,6.6,93.0,84.0,9.0
2024-10-23T04:15:50.7Z,0022400062,LAL,MIN,4,389.0,6.483333333333333,93.0,86.0,7.0
2024-10-23T04:16:15.1Z,0022400062,LAL,MIN,4,365.0,6.083333333333333,95.0,86.0,9.0
2024-10-23T04:16:30.9Z,0022400062,LAL,MIN,4,348.0,5.8,95.0,86.0,9.0
2024-10-23T04:16:33.9Z,0022400062,LAL,MIN,4,345.0,5.75,95.0,86.0,9.0
2024-10-23T04:16:50.1Z,0022400062,LAL,MIN,4,331.0,5.516666666666667,95.0,86.0,9.0
2024-10-23T04:17:24.1Z,0022400062,LAL,MIN,4,331.0,5.516666666666667,96.0,86.0,10.0
2024-10-23T04:17:45.3Z,0022400062,LAL,MIN,4,331.0,5.516666666666667,97.0,86.0,11.0
2024-10-23T04:17:57.6Z,0022400062,LAL,MIN,4,322.0,5.366666666666666,97.0,88.0,9.0
2024-10-23T04:18:16.8Z,0022400062,LAL,MIN,4,302.0,5.033333333333333,99.0,88.0,11.0
2024-10-23T04:18:28.9Z,0022400062,LAL,MIN,4,302.0,5.033333333333333,99.0,88.0,11.0
2024-10-23T04:19:57.7Z,0022400062,LAL,MIN,4,302.0,5.033333333333333,99.0,88.0,11.0
2024-10-23T04:19:57.7Z,0022400062,LAL,MIN,4,302.0,5.033333333333333,99.0,88.0,11.0
2024-10-23T04:19:57.7Z,0022400062,LAL,MIN,4,302.0,5.033333333333333,99.0,88.0,11.0
2024-10-23T04:19:57.7Z,0022400062,LAL,MIN,4,302.0,5.033333333333333,99.0,88.0,11.0
2024-10-23T04:20:25.0Z,0022400062,LAL,MIN,4,284.0,4.733333333333333,99.0,91.0,8.0
2024-10-23T04:20:55.0Z,0022400062,LAL,MIN,4,269.0,4.483333333333333,99.0,91.0,8.0
2024-10-23T04:21:02.6Z,0022400062,LAL,MIN,4,262.0,4.366666666666666,99.0,91.0,8.0
2024-10-23T04:21:08.6Z,0022400062,LAL,MIN,4,256.0,4.266666666666667,99.0,91.0,8.0
2024-10-23T04:21:07.2Z,0022400062,LAL,MIN,4,256.0,4.266666666666667,101.0,91.0,10.0
2024-10-23T04:21:26.0Z,0022400062,LAL,MIN,4,237.0,3.95,101.0,93.0,8.0
2024-10-23T04:21:55.6Z,0022400062,LAL,MIN,4,217.0,3.6166666666666667,103.0,93.0,10.0
2024-10-23T04:22:11.0Z,0022400062,LAL,MIN,4,201.0,3.35,103.0,95.0,8.0
2024-10-23T04:22:35.3Z,0022400062,LAL,MIN,4,180.0,3.0,103.0,95.0,8.0
2024-10-23T04:23:04.8Z,0022400062,LAL,MIN,4,163.0,2.716666666666667,103.0,95.0,8.0
2024-10-23T04:23:04.8Z,0022400062,LAL,MIN,4,163.0,2.716666666666667,103.0,95.0,8.0
2024-10-23T04:23:07.8Z,0022400062,LAL,MIN,4,160.0,2.6666666666666665,103.0,95.0,8.0
2024-10-23T04:23:10.9Z,0022400062,LAL,MIN,4,157.0,2.6166666666666667,105.0,95.0,10.0
2024-10-23T04:23:24.4Z,0022400062,LAL,MIN,4,143.0,2.3833333333333333,105.0,95.0,10.0
2024-10-23T04:23:30.4Z,0022400062,LAL,MIN,4,137.0,2.283333333333333,105.0,95.0,10.0
2024-10-23T04:23:40.5Z,0022400062,LAL,MIN,4,130.0,2.1666666666666665,105.0,95.0,10.0
2024-10-23T04:24:17.0Z,0022400062,LAL,MIN,4,130.0,2.1666666666666665,106.0,95.0,11.0
2024-10-23T04:24:19.8Z,0022400062,LAL,MIN,4,130.0,2.1666666666666665,106.0,95.0,11.0
2024-10-23T04:24:19.8Z,0022400062,LAL,MIN,4,130.0,2.1666666666666665,106.0,95.0,11.0
2024-10-23T04:24:42.6Z,0022400062,LAL,MIN,4,130.0,2.1666666666666665,107.0,95.0,12.0
2024-10-23T04:24:57.2Z,0022400062,LAL,MIN,4,118.0,1.9666666666666666,107.0,95.0,12.0
2024-10-23T04:24:59.2Z,0022400062,LAL,MIN,4,116.0,1.9333333333333333,107.0,95.0,12.0
2024-10-23T04:25:02.1Z,0022400062,LAL,MIN,4,116.0,1.9333333333333333,107.0,97.0,10.0
2024-10-23T04:25:04.8Z,0022400062,LAL,MIN,4,116.0,1.9333333333333333,107.0,97.0,10.0
2024-10-23T04:25:32.4Z,0022400062,LAL,MIN,4,116.0,1.9333333333333333,107.0,98.0,9.0
2024-10-23T04:25:57.2Z,0022400062,LAL,MIN,4,94.0,1.5666666666666667,110.0,98.0,12.0
2024-10-23T04:26:11.2Z,0022400062,LAL,MIN,4,85.0,1.4166666666666667,110.0,98.0,12.0
2024-10-23T04:26:43.2Z,0022400062,LAL,MIN,4,80.0,1.3333333333333333,110.0,98.0,12.0
2024-10-23T04:27:04.8Z,0022400062,LAL,MIN,4,80.0,1.3333333333333333,110.0,99.0,11.0
2024-10-23T04:27:04.8Z,0022400062,LAL,MIN,4,80.0,1.3333333333333333,110.0,99.0,11.0
2024-10-23T04:27:05.8Z,0022400062,LAL,MIN,4,79.0,1.3166666666666667,110.0,99.0,11.0
2024-10-23T04:27:26.8Z,0022400062,LAL,MIN,4,79.0,1.3166666666666667,110.0,99.0,11.0
2024-10-23T04:27:52.1Z,0022400062,LAL,MIN,4,79.0,1.3166666666666667,110.0,100.0,10.0
2024-10-23T04:28:10.7Z,0022400062,LAL,MIN,4,79.0,1.3166666666666667,110.0,101.0,9.0
2024-10-23T04:28:34.4Z,0022400062,LAL,MIN,4,57.9,0.965,110.0,101.0,9.0
2024-10-23T04:28:37.2Z,0022400062,LAL,MIN,4,55.0,0.9166666666666666,110.0,101.0,9.0
2024-10-23T04:28:42.0Z,0022400062,LAL,MIN,4,50.2,0.8366666666666667,110.0,101.0,9.0
2024-10-23T04:28:44.4Z,0022400062,LAL,MIN,4,47.8,0.7966666666666666,110.0,101.0,9.0
2024-10-23T04:28:46.5Z,0022400062,LAL,MIN,4,46.3,0.7716666666666666,110.0,101.0,9.0
2024-10-23T04:28:48.2Z,0022400062,LAL,MIN,4,44.6,0.7433333333333334,110.0,101.0,9.0
2024-10-23T04:29:23.8Z,0022400062,LAL,MIN,4,27.8,0.4633333333333333,110.0,101.0,9.0
2024-10-23T04:29:24.6Z,0022400062,LAL,MIN,4,27.0,0.45,110.0,101.0,9.0
2024-10-23T04:29:30.4Z,0022400062,LAL,MIN,4,27.0,0.45,110.0,101.0,9.0
2024-10-23T04:30:37.1Z,0022400062,LAL,MIN,4,27.0,0.45,110.0,101.0,9.0
2024-10-23T04:30:37.1Z,0022400062,LAL,MIN,4,27.0,0.45,110.0,101.0,9.0
2024-10-23T04:31:21.3Z,0022400062,LAL,MIN,4,25.4,0.4233333333333333,110.0,101.0,9.0
2024-10-23T04:31:23.4Z,0022400062,LAL,MIN,4,23.3,0.38833333333333336,110.0,101.0,9.0
2024-10-23T04:31:26.3Z,0022400062,LAL,MIN,4,23.3,0.38833333333333336,110.0,103.0,7.0
2024-10-23T04:31:28.7Z,0022400062,LAL,MIN,4,23.3,0.38833333333333336,110.0,103.0,7.0
2024-10-23T04:31:51.2Z,0022400062,LAL,MIN,4,19.6,0.3266666666666667,110.0,103.0,7.0
2024-10-23T04:31:51.2Z,0022400062,LAL,MIN,4,19.6,0.3266666666666667,110.0,103.0,7.0
2024-10-23T04:31:53.8Z,0022400062,LAL,MIN,4,17.0,0.2833333333333333,110.0,103.0,7.0
2024-10-23T04:32:14.6Z,0022400062,LAL,MIN,4,0.0,0.0,110.0,103.0,7.0
2024-10-23T04:34:56.7Z,0022400062,LAL,MIN,4,0.0,0.0,110.0,103.0,7.0
